name,no
Abraham Lincoln,16
Andrew Jackson,7
Andrew Johnson,17
Barack Obama,44
Benjamin Harrison,23
Calvin Coolidge,30
Chester A. Arthur,21
Donald J. Trump,45
Dwight D. Eisenhower,34
Franklin D. Roosevelt,32
Franklin Pierce,14
George H.W. Bush,41
George W. Bush,43
George Washington,1
Gerald Ford,38
Grover Cleveland,22
Harry S Truman,33
Herbert Hoover,31
James A. Garfield,20
James Buchanan,15
James K. Polk,11
James Madison,4
James Monroe,5
Jimmy Carter,39
John Adams,2
John F. Kennedy,35
John Quincy Adams,6
John Tyler,10
Joseph R. Biden,46
Lyndon B. Johnson,36
Martin Van Buren,8
Millard Fillmore,13
Richard M. Nixon,37
Ronald Reagan,40
Rutherford B. Hayes,19
Theodore Roosevelt,26
Thomas Jefferson,3
Ulysses Grant,18
Warren G. Harding,29
William H. Taft,27
William Henry Harrison,9
William J. Clinton,42
William McKinley,25
Woodrow Wilson,28
Zachary Taylor,12
