"","name","circuit","jcs"
"1","Abudu, Nancy",11,-0.422999978065491
"2","Adams, Arlin M.",3,0.0954999998211861
"3","Agee, G. Steven",4,0.261999994516373
"4","Ainsworth, Robert",5,-0.134499996900558
"5","Alarcon, Arthur L.",9,-0.386999994516373
"6","Aldisert, Ruggero",3,-0.575999975204468
"7","Aldrich, Bailey",1,0.174999997019768
"8","Alito, Samuel A., Jr.",3,0.556999981403351
"9","Allen, Florence",6,-0.241999998688698
"10","Altimari, Frank X.",2,0.181999996304512
"11","Ambro, Thomas",3,-0.314000010490417
"12","Anderson, J. Blaine",9,0.492000013589859
"13","Anderson, R. Lanier, III",5,-0.118000000715256
"14","Anderson, R. Lanier, III",11,-0.118000000715256
"15","Anderson, Robert P.",2,-0.264499992132187
"16","Anderson, Stephen H.",10,0.438499987125397
"17","Ara√∫jo Kahn, Maria",2,-0.354000002145767
"18","Arnold, Morris S.",8,0.381000012159348
"19","Arnold, Richard S.",8,-0.342000007629395
"20","Bacharach, Robert",10,-0.358000010251999
"21","Bade, Bridget Shelton",9,0.344999998807907
"22","Baldock, Bobby R.",10,0.256999999284744
"23","Barkett, Rosemary",11,-0.231000006198883
"24","Barksdale, Rhesa H.",5,0.338499993085861
"25","Barnes, Stanley",9,0.162499994039536
"26","Barrett, James E.",10,0.488999992609024
"27","Barron, David",1,-0.519500017166138
"28","Barry, Maryanne",3,-0.321999996900558
"29","Bastian, Walter M.",12,0.28099998831749
"30","Batchelder, Alice M.",6,0.556999981403351
"31","Bauer, William J.",7,0.0989999994635582
"32","Bazelon, David",12,-0.374000012874603
"33","Bea, Carlos",9,0.693000018596649
"34","Beam, Clarence A.",8,0.344999998807907
"35","Becker, Edward R.",3,0.0729999989271164
"36","Beezer, Robert R.",9,0.254999995231628
"37","Bell, Griffin",5,-0.0429999977350235
"38","Bell, Jesse S.",4,-0.06700000166893
"39","Benavides, Fortunato Pedro",5,-0.116999998688698
"40","Benjamin, DeAndrea",4,-0.319999992847443
"41","Bennett, Mark",9,0.402999997138977
"42","Benton, William",8,0.337000012397766
"43","Berzon, Marsha",9,-0.358999997377396
"44","Bianco, Joseph",2,0.402999997138977
"45","Bibas, Stephanos",3,0.624000012874603
"46","Biggs, John Jr.",3,-0.611000001430511
"47","Birch, Stanley F., Jr.",11,0.556999981403351
"48","Black, Susan H.",11,0.465999990701675
"49","Blackmun, Harry Andrew",8,0.28099998831749
"50","Bloomekatz, Rachel",6,-0.425999999046326
"51","Boggs, Danny J.",6,0.404000014066696
"52","Bone, Homer",9,-0.268333315849304
"53","Boochever, Robert",9,-0.284000009298325
"54","Borah, Wayne G.",5,-0.134499996900558
"55","Boreman, Herbert S.",4,0.28099998831749
"56","Bork, Robert",12,0.691999971866608
"57","Boudin, Michael",1,0.556999981403351
"58","Bowman, Pasco M.",8,0.195999994874001
"59","Bownes, Hugh",1,-0.354499995708466
"60","Branch, Elizabeth",11,0.48199999332428
"61","Brasher, Andrew",11,0.446000009775162
"62","Bratton, Sam Gilbert",10,-0.204499989748001
"63","Breitenstein, Jean",10,0.30799999833107
"64","Brennan, Michael",7,0.635999977588654
"65","Bress, Daniel",9,0.402999997138977
"66","Breyer, Stephen G.",1,-0.412999987602234
"67","Bright, Myron",8,-0.370999991893768
"68","Briscoe, Mary",10,-0.437999993562698
"69","Brooks, Henry L.",6,0.103000000119209
"70","Brorby, Wade",10,0.448499977588654
"71","Brown, Bailey",6,-0.354999989271164
"72","Brown, Janice Rogers",12,0.693000018596649
"73","Brown, John R.",5,0.28099998831749
"74","Browning, James Robert",9,-0.461000025272369
"75","Brunetti, Melvin T.",9,0.490500003099442
"76","Bryan, Albert V., I",4,0.133000001311302
"77","Bryson, William C.",13,-0.437999993562698
"78","Buckley, James L.",12,0.691999971866608
"79","Bumatay, Patrick",9,0.402999997138977
"80","Burger, Warren Earl",12,0.28099998831749
"81","Bush, John",6,0.647499978542328
"82","Butzner, John",4,-0.0470000021159649
"83","Bybee, Jay",9,0.693000018596649
"84","Bye, Kermit",8,-0.281499981880188
"85","Cabranes, Jose Alberto",2,-0.266499996185303
"86","Calabresi, Guido",2,-0.266499996185303
"87","Callahan, Consuelo",9,0.693000018596649
"88","Cameron, Benjamin",5,0.28099998831749
"89","Campbell, Levin H.",1,-0.100000001490116
"90","Canby, William C.",9,-0.216000005602837
"91","Cardamone, Richard J.",2,0.181999996304512
"92","Carnes, Edward E.",11,0.556999981403351
"93","Carnes, Julie",11,-0.358000010251999
"94","Carney, Susan",2,-0.351999998092651
"95","Carrillo Ramirez, Irma",5,-0.319999992847443
"96","Carson, Joel",10,0.402999997138977
"97","Carswell, George H.",5,0.305999994277954
"98","Carter, James M.",9,-0.337000012397766
"99","Castle, Latham",7,0.31700000166893
"100","Cecil, Lester L.",6,0.28099998831749
"101","Celebrezze, Anthony",6,-0.0690000057220459
"102","Chagares, Michael",3,0.693000018596649
"103","Chambers, Richard H.",9,0.640999972820282
"104","Chapman, Robert F.",4,0.391000002622604
"105","Chase, Harrie B.",2,0.513000011444092
"106","Chen, Raymond",13,-0.358000010251999
"107","Chertoff, Michael",3,0.693000018596649
"108","Childs, J. Michelle",12,-0.319999992847443
"109","Chin, Denny",2,-0.397000014781952
"110","Choy, Herbert Y.",9,0.165000006556511
"111","Christen, Morgan",9,-0.234999999403954
"112","Chung, Cindy",3,-0.3125
"113","Clark, Bennett C.",12,-0.368000000715256
"114","Clark, Charles",5,0.551999986171722
"115","Clark, Charles Edward",2,-0.156000003218651
"116","Clark, Thomas A.",5,-0.19650000333786
"117","Clark, Thomas A.",11,-0.19650000333786
"118","Clay, Eric",6,-0.395000010728836
"119","Clayton, Claude",5,-0.0160000007599592
"120","Clement, Edith Brown",5,0.693000018596649
"121","Clevenger, Raymond C.",13,0.556999981403351
"122","Clifton, Richard R.",9,0.693000018596649
"123","Coffey, John L.",7,0.261000007390976
"124","Coffin, Frank",1,-0.379000008106232
"125","Cole, Ransey Guy",6,-0.261999994516373
"126","Coleman, James P.",5,-0.0160000007599592
"127","Collet, John",8,-0.374000012874603
"128","Collins, Daniel",9,0.402999997138977
"129","Colloton, Steven",8,0.358000010251999
"130","Combs, Bert T.",6,-0.337000012397766
"131","Coney Barrett, Amy",7,0.444999992847443
"132","Contie, Leroy J.",6,0.691999971866608
"133","Cook, Deborah",6,0.263999998569489
"134","Costa, Gregg",5,-0.358000010251999
"135","Cowen, Robert E.",3,0.691999971866608
"136","Cox, Emmett R.",11,0.691999971866608
"137","Craven, James",4,-0.06700000166893
"138","Cudahy, Richard D.",7,-0.333000004291534
"139","Cummings, Walter",7,-0.5799999833107
"140","Cunningham, Tiffany",13,-0.319999992847443
"141","Cyr, Conrad F.",1,0.100000001490116
"142","Danaher, John A.",12,0.28099998831749
"143","Daughtrey, Martha Craig",6,-0.33950001001358
"144","Davis, Andre",4,-0.344999998807907
"145","Davis, Stephanie",6,-0.29449999332428
"146","Davis, W. Eugene",5,0.691999971866608
"147","DeMoss, Harold R., Jr.",5,0.550999999046326
"148","Denman, William",9,-0.179000005125999
"149","Dennis, James",5,-0.157499998807907
"150","Desai, Roopali",9,-0.158500000834465
"151","Diaz, Albert",4,-0.202000007033348
"152","Dobie, Armistead",4,-0.05799999833107
"153","Donald, Bernice",6,-0.358000010251999
"154","Douglas, Dana",5,-0.319999992847443
"155","Doyle, William E.",10,0.338499993085861
"156","Droney, Christopher",2,-0.320499986410141
"157","Dubina, Joel F.",11,0.556999981403351
"158","Duffy, Francis Ryan",7,-0.374000012874603
"159","Duhe, John M.",5,0.691999971866608
"160","Duncan, Allyson",4,0.363000005483627
"161","Duncan, Kyle",5,0.508000016212463
"162","Duniway, Benjamin",9,-0.218999996781349
"163","Dyer, David W.",5,-0.06700000166893
"164","Dyk, Timothy B.",13,-0.437999993562698
"165","Easterbrook, Frank H.",7,0.691999971866608
"166","Ebel, David M.",10,0.508000016212463
"167","Edgerton, Henry White",12,-0.368000000715256
"168","Edmondson, James L.",11,0.333000004291534
"169","Edwards, George C.",6,-0.521499991416931
"170","Edwards, Harry T.",12,-0.504000008106232
"171","Eid, Allison",10,0.444000005722046
"172","Elrod, Jennifer",5,0.413500010967255
"173","Ely, Walter",9,-0.340499997138977
"174","Engel, Albert J.",6,0.326999992132187
"175","Engelhardt, Kurt",5,0.508000016212463
"176","Erickson, Ralph",8,0.395000010728836
"177","Ervin, Samuel J., III",4,-0.237000003457069
"178","Eschbach, Jesse E.",7,0.400999993085861
"179","Evans, Terrance",7,-0.282000005245209
"180","Fagg, George B.",8,0.347500026226044
"181","Fahy, Charles",12,-0.374000012874603
"182","Fairchild, Thomas",7,-0.582499980926514
"183","Farris, Joseph Jerome",9,-0.310499995946884
"184","Fay, Peter T.",5,0.505999982357025
"185","Fay, Peter T.",11,0.505999982357025
"186","Federico, Richard",10,-0.319999992847443
"187","Fee, James Alger",9,0.224999994039536
"188","Feinberg, Wilfred",2,-0.472000002861023
"189","Ferguson, Warren J.",9,-0.386999994516373
"190","Fernandez, Ferdinand F.",9,0.351999998092651
"191","Field, John A.",4,0.551999986171722
"192","Finnegan, Philip",7,-0.44650000333786
"193","Fisher, Michael",3,0.203000009059906
"194","Fisher, Raymond",9,-0.358999997377396
"195","Flaum, Joel M.",7,0.0989999994635582
"196","Fletcher, Betty B.",9,-0.310499995946884
"197","Fletcher, William",9,-0.358999997377396
"198","Floyd, Henry",4,-0.358000010251999
"199","Forman, Phillip",3,-0.108000002801418
"200","Frank, Jerome",2,-0.452000021934509
"201","Freedman, Abraham",3,-0.575999975204468
"202","Freeman, Arianna",3,-0.312999993562698
"203","Friedland, Michelle",9,-0.358999997377396
"204","Friendly, Henry",2,0.00349999964237213
"205","Fuentes, Julio M.",3,-0.321999996900558
"206","Gajarsa, Arthur",13,-0.437999993562698
"207","Ganey, J. Cullen",3,-0.575999975204468
"208","Garcia, Brad",12,-0.319999992847443
"209","Gardner, Archibald",8,0.222499996423721
"210","Garland, Merrick",12,-0.437999993562698
"211","Garth, Leonard I.",3,-0.108000002801418
"212","Garwood, William L.",5,0.444000005722046
"213","Garza, Emilio M.",5,0.550999999046326
"214","Garza, Reynaldo",5,-0.163000002503395
"215","Gee, Thomas G.",5,0.444000005722046
"216","Gelpi, Gustavo",1,-0.319999992847443
"217","Gewin, Walter P.",5,-0.234499990940094
"218","Gibbons, John J.",3,-0.108000002801418
"219","Gibbons, Julia Smith",6,0.384499996900558
"220","Gibson, Floyd",8,-0.314999997615814
"221","Gibson, John R.",8,0.195999994874001
"222","Gilman, Ronald Lee",6,-0.437999993562698
"223","Ginsburg, Douglas, H.",12,0.691999971866608
"224","Ginsburg, Ruth Bader",12,-0.504000008106232
"225","Godbold, John",11,-0.234499990940094
"226","Godbold, John",5,-0.234499990940094
"227","Goldberg, Irving",5,-0.416000008583069
"228","Goodrich, Herbert",3,-0.656000018119812
"229","Goodwin, Alfred T.",9,0.0955000072717667
"230","Gorsuch, Neil",10,0.572000026702881
"231","Gould, Ronald",9,-0.351999998092651
"232","Graber, Susan",9,-0.330000013113022
"233","Grant, Britt",11,0.48199999332428
"234","Grasz, L. Steven",8,0.567000031471252
"235","Graves, James",5,-0.358000010251999
"236","Greenaway, Joseph",3,-0.374000012874603
"237","Greenberg, Morton I.",3,0.691999971866608
"238","Gregory, Roger L.",4,0.335500001907349
"239","Griffin, Richard",6,0.693000018596649
"240","Griffith, Thomas",12,0.693000018596649
"241","Gruender, Raymond",8,0.337000012397766
"242","Gurfein, Murray I.",2,-0.123999997973442
"243","Guy, Ralph B., Jr.",6,0.691999971866608
"244","Hall, Cynthia H.",9,0.351999998092651
"245","Hall, Kenneth K.",4,0.505999982357025
"246","Hall, Peter",2,0.693000018596649
"247","Hamilton, Clyde H.",4,0.391000002622604
"248","Hamilton, David",7,-0.158000007271767
"249","Hamley, Frederick",9,0.28099998831749
"250","Hamlin, Oliver D.",9,0.162499994039536
"251","Hand, Augustus",2,0.395999997854233
"252","Hand, Learned",2,0.433999985456467
"253","Hansen, David R.",8,0.358000010251999
"254","Hardiman, Thomas",3,0.068000003695488
"255","Harlan, John Marshall",2,0.0430000014603138
"256","Harris, Pamela",4,-0.358000010251999
"257","Hartigan, John P.",1,-0.299000024795532
"258","Hartz, Harris L.",10,0.256999999284744
"259","Hastie, William H.",3,-0.374000012874603
"260","Hastings, John",7,0.471000015735626
"261","Hatchett, Joseph W.",5,-0.19650000333786
"262","Hatchett, Joseph W.",11,-0.19650000333786
"263","Hawkins, Michael Daly",9,-0.216000005602837
"264","Haynes, Catharina",5,0.413500010967255
"265","Haynsworth, Clement",4,0.28099998831749
"266","Hays, Paul",2,-0.472000002861023
"267","Healy, William",9,-0.150000005960464
"268","Heaney, Gerald",8,-0.435999989509583
"269","Henderson, Albert J.",11,-0.118000000715256
"270","Henderson, Albert J.",5,-0.118000000715256
"271","Henderson, Karen LeCraft",12,0.391000002622604
"272","Henley, Jesse Smith",8,0.505999982357025
"273","Henry, Robert Harlan",10,-0.142000004649162
"274","Heytens, Toby",4,-0.225500002503395
"275","Hickey, John",10,-0.239999994635582
"276","Hicks, Xenophon",6,0.395999997854233
"277","Higginbotham, Aloyisus Leon",3,-0.504000008106232
"278","Higginbotham, Patrick E.",5,0.444000005722046
"279","Higginson, Stephen",5,-0.202999994158745
"280","Hill, Delmas",10,-0.472000002861023
"281","Hill, James C.",5,0.505999982357025
"282","Hill, James C.",11,0.505999982357025
"283","Hill, Robert M.",5,0.444000005722046
"284","Hincks, Carroll",2,0.233000010251999
"285","Ho, James",5,0.630500018596649
"286","Holloway, William",10,-0.332000017166138
"287","Holmes, Edwin",5,-0.327000021934509
"288","Holmes, Jerome",10,0.666999995708466
"289","Howard, Jeffrey R.",1,0.526000022888184
"290","Hufstedler, Shirley",9,-0.337000012397766
"291","Hug, Procter R.",9,-0.210999995470047
"292","Hughes, Todd",13,-0.358000010251999
"293","Hull, Frank M.",11,-0.219999998807907
"294","Hunsaker, Danielle",9,0.402999997138977
"295","Hunter, James, III",3,-0.108000002801418
"296","Hurwitz, Andrew",9,-0.358000010251999
"297","Hutcheson, John Chappell, Jr.",5,NA
"298","Hutchinson, William D.",3,0.0729999989271164
"299","Huxman, Walter",10,-0.368000000715256
"300","Ikuta, Sandra",9,0.693000018596649
"301","Ingraham, Joe M.",5,0.444000005722046
"302","Jackson, Ketanji Brown",12,-0.319999992847443
"303","Jackson-Akiwumi, Candace",7,-0.342000007629395
"304","Jacobs, Dennis G.",2,0.181999996304512
"305","Jertberg, Gilbert",9,0.162499994039536
"306","Johnsen, Harvey",8,-0.0860000029206276
"307","Johnson, Frank M.",5,-0.199499994516373
"308","Johnson, Frank M.",11,-0.199499994516373
"309","Johnson, Sam D.",5,-0.163000002503395
"310","Johnstone, Anthony",9,-0.214000001549721
"311","Jolly, E. Grady",5,0.287000000476837
"312","Jones, Edith H.",5,0.550999999046326
"313","Jones, Nathaniel R.",6,-0.377000004053116
"314","Jones, Warren",5,0.28099998831749
"315","Jordan, Adalberto",11,-0.193000003695488
"316","Jordan, Kent",3,0.693000018596649
"317","Kalodner, Harry E.",3,-0.550999999046326
"318","Kanne, Michael S.",7,0.400999993085861
"319","Kastas, Gregory",12,0.402999997138977
"320","Katzmann, Robert",2,-0.328000009059906
"321","Kaufman, Irving R.",2,-0.472000002861023
"322","Kavanaugh, Brett",12,0.693000018596649
"323","Kayatta, William",1,-0.358000010251999
"324","Kearse, Amalya Lyle",2,-0.300999999046326
"325","Keenan, Barbara",4,-0.1875
"326","Keith, Damon J.",6,-0.425999999046326
"327","Kelly, Jane",8,-0.351000010967255
"328","Kelly, John David",8,-0.281499981880188
"329","Kelly, Paul J., Jr.",10,0.256999999284744
"330","Kennedy, Anthony McCleod",9,0.505999982357025
"331","Kennedy, Cornelia Groefsema",6,-0.41049998998642
"332","Kent, William Wallace",6,0.326999992132187
"333","Kerner, Otto, Jr.",7,-0.337000012397766
"334","Kethledge, Raymond",6,0.693000018596649
"335","Kiley, Roger J.",7,-0.5799999833107
"336","Kilkenny, John Francis",9,0.0955000072717667
"337","King, Carolyn Dineen",5,-0.163000002503395
"338","King, Robert Bruce",4,-0.317499995231628
"339","Kirsch, Thomas",7,0.622500002384186
"340","Kleinfeld, Andrew J.",9,0.282499998807907
"341","Knoch, Win G.",7,0.31700000166893
"342","Kobes, Jonathan",8,0.388999998569489
"343","Koelsch, Montgomery Oliver",9,0.40200001001358
"344","Koh, Lucy",9,-0.454666674137115
"345","Kolar, Joshua",7,-0.319999992847443
"346","Kozinski, Alex",9,0.351999998092651
"347","Krause, Cheryl",3,-0.312999993562698
"348","Kravitch, Phyllis A.",5,-0.118000000715256
"349","Kravitch, Phyllis A.",11,-0.118000000715256
"350","Krupansky, Robert B.",6,0.691999971866608
"351","Lagoa, Barbara",11,0.647500038146973
"352","Larsen, Joan",6,0.402999997138977
"353","Lay, Donald",8,-0.337000012397766
"354","Leavy, Edward",9,0.0955000072717667
"355","Lee, Elmo",5,-0.0710000023245811
"356","Lee, Eunice",2,-0.412000000476837
"357","Lee, John",7,-0.342000007629395
"358","Lee, Kenneth",9,0.402999997138977
"359","Lemmon, Dal",9,0.162499994039536
"360","Leval, Pierre Nelson",2,-0.300999999046326
"361","Leventhal, Harold",12,-0.337000012397766
"362","Lewis, David T.",10,0.37950000166893
"363","Lewis, Timothy K.",3,0.0729999989271164
"364","Lindley, Walter",7,-0.44650000333786
"365","Linn, Richard",13,-0.437999993562698
"366","Lipez, Kermit",1,-0.437999993562698
"367","Lively, Frederick P.",6,0.103000000119209
"368","Livingston, Debra",2,0.693000018596649
"369","Logan, James K.",10,-0.504000008106232
"370","Lohier, Raymond",2,-0.397000014781952
"371","Loken, James B.",8,0.195000007748604
"372","Lourie, Alan D.",13,0.556999981403351
"373","Lucero, Carlos",10,-0.141000002622604
"374","Luck, Robert",11,0.647500038146973
"375","Lumbard, Joseph E.",2,0.0430000014603138
"376","Luttig, J. Michael",4,0.261999994516373
"377","Lynch, Gerard",2,-0.397000014781952
"378","Lynch, Sandra",1,-0.397499978542328
"379","MacKinnon, George E.",12,0.551999986171722
"380","Magill, Frank J.",8,0.0869999974966049
"381","Magruder, Calvert",1,-0.109999999403954
"382","Mahoney, J. Daniel",2,0.181999996304512
"383","Mahoney, John",1,-0.264500021934509
"384","Major, James",7,-0.429499983787537
"385","Manion, Daniel A.",7,0.400999993085861
"386","Mansfield, Walter R.",2,-0.123999997973442
"387","Mansmann, Carol Los",3,0.0729999989271164
"388","Marcus, Stanley",11,-0.231000006198883
"389","Maris, Albert B.",3,-0.656000018119812
"390","Markey, Howard T.",13,0.691999971866608
"391","Marshall, Thurgood",2,-0.472000002861023
"392","Martin, Beverly",11,-0.358000010251999
"393","Martin, Boyce F., Jr.",6,-0.295500010251999
"394","Martin, John D.",6,-0.155000001192093
"395","Matey, Paul",3,0.402999997138977
"396","Matheson, Scott",10,-0.358000010251999
"397","Mathews, Clifton",9,-0.226000010967255
"398","Mathis, Andre",6,-0.319999992847443
"399","Matthes, Marion C.",8,0.28099998831749
"400","Mayer, H. Robert",13,0.691999971866608
"401","McAllister, Thomas",6,-0.324000000953674
"402","McConnell, Michael W.",10,0.356499999761581
"403","McCord, Leon",5,-0.336333334445953
"404","McCree, Wade H.",6,-0.521499991416931
"405","McEntee, Edward",1,-0.293999999761581
"406","McGowan, Carl",12,-0.404500007629395
"407","McHugh, Carolyn",10,-0.358000010251999
"408","McKay, Monroe G.",10,-0.504000008106232
"409","McKeauge, David",6,0.693000018596649
"410","McKee, Theodore Alexander",3,-0.333999991416931
"411","McKeown, M. Margaret",9,-0.351999998092651
"412","McLaughlin, Gerald",3,-0.12899999320507
"413","McLaughlin, Joseph W.",2,0.181999996304512
"414","McMillian, Theodore",8,-0.379999995231628
"415","McWilliams, Robert H.",10,0.338499993085861
"416","Medina, Harold R.",2,-0.657999992370605
"417","Mehaffy, Pat",8,-0.181500002741814
"418","Melloy, Michael J.",8,0.358000010251999
"419","Menashi, Steven",2,0.402999997138977
"420","Mendoza, Salvador",9,-0.328500002622604
"421","Merriam, Sarah A.L.",2,-0.354000002145767
"422","Merrill, Charles",9,0.28099998831749
"423","Merritt, Gilbert S.",6,-0.354999989271164
"424","Meskill, Thomas J.",2,0.0719999969005585
"425","Michael, M. Blane",4,-0.317499995231628
"426","Michel, Paul R.",13,0.691999971866608
"427","Mikva, Abner J.",12,-0.504000008106232
"428","Milburn, H. Ted",6,0.282999992370605
"429","Miller, Eric",9,0.402999997138977
"430","Miller, Shackelford",6,-0.281000018119812
"431","Miller, Wilbur K., Jr.",12,-0.370999991893768
"432","Miller, William Ernest",6,0.282999992370605
"433","Millett, Patricia",12,-0.358000010251999
"434","Miner, Roger J.",2,0.181999996304512
"435","Minton, Sherman",7,-0.115000002086163
"436","Montecalvo, Lara",1,-0.361000001430511
"437","Montgomery-Reeves, Tamika",3,-0.20550000667572
"438","Moore, John P.",10,0.508000016212463
"439","Moore, Karen",6,-0.261999994516373
"440","Moore, Kimberly",13,0.693000018596649
"441","Moore, Leonard P.",2,-0.0405000001192093
"442","Morgan, Lewis Render",5,-0.0429999977350235
"443","Moritz, Nancy",10,-0.358000010251999
"444","Motz, Diana Gribbon",4,-0.402500003576279
"445","Mulligan, William H.",2,-0.123999997973442
"446","Murguia, Mary",9,-0.358000010251999
"447","Murnaghan, Francis D.",4,-0.435000002384186
"448","Murphy, Diana E.",8,-0.583000004291534
"449","Murphy, Eric",6,0.370999991893768
"450","Murphy, Michael",10,-0.437999993562698
"451","Murrah, Alfred",10,-0.1875
"452","Nalbandian, John",6,0.647499978542328
"453","Nardini, William",2,0.402999997138977
"454","Nathan, Alison",2,-0.412000000476837
"455","Neilson, Susan",6,0.693000018596649
"456","Nelson, David A.",6,0.691999971866608
"457","Nelson, Dorothy Wright",9,-0.386999994516373
"458","Nelson, Ryan",9,0.527999997138977
"459","Nelson, Thomas G.",9,0.58950001001358
"460","Newman, Jon O.",2,-0.312999993562698
"461","Newman, Pauline",13,0.691999971866608
"462","Newsom, Kevin",11,0.518333315849304
"463","Nguyen, Jacqueline",9,-0.358999997377396
"464","Niemeyer, Paul V.",4,0.556999981403351
"465","Noonan, John T.",9,0.351999998092651
"466","Norris, Alan E.",6,0.691999971866608
"467","Norris, William Albert",9,-0.386999994516373
"468","Nygaard, Richard L.",3,0.0729999989271164
"469","O'Brien, Terrence L.",10,0.495500028133392
"470","O'Connell, John J.",3,-0.550999999046326
"471","O'Malley, Kathleen",13,-0.358000010251999
"472","O'Scannlain, Diaruid F.",9,0.0955000072717667
"473","O'Sullivan, Clifford",6,0.28099998831749
"474","Oakes, James L.",2,0.0956666693091393
"475","Oldham, Andy",5,0.630500018596649
"476","Orr, William E.",9,-0.0950000062584877
"477","Owen, Priscilla",5,0.413500010967255
"478","Owens, John",9,-0.358999997377396
"479","Paez, Richard",9,-0.358999997377396
"480","Pan, Florence",12,-0.319999992847443
"481","Park, Michael",2,0.402999997138977
"482","Parker, Barrington D.",2,0.693000018596649
"483","Parker, Fred Irving",2,-0.360000014305115
"484","Parker, Robert Manley",5,-0.116999998688698
"485","Parkinson, William L.",7,0.471000015735626
"486","Peck, John W.",6,-0.0690000057220459
"487","Pell, Wilbur F.",7,0.551999986171722
"488","Perez, Myrna",2,-0.412000000476837
"489","Phillips, Gregory",10,-0.358000010251999
"490","Phillips, Harry",6,-0.303333342075348
"491","Phillips, James D.",4,-0.237000003457069
"492","Phillips, Orie",10,0.226999998092651
"493","Phipps, Peter",3,0.624000012874603
"494","Pickering, Charles",5,0.338499993085861
"495","Pickett, John C.",10,-0.200500011444092
"496","Pierce, Lawrence W.",2,0.181999996304512
"497","Pillard, Cornelia",12,-0.358000010251999
"498","Plager, S. Jay",13,0.556999981403351
"499","Politz, Henry A.",5,-0.186000004410744
"500","Poole, Cecil F.",9,-0.386999994516373
"501","Pooler, Rosemary",2,-0.300999999046326
"502","Pope, Walter",9,-0.432000011205673
"503","Porter, David J.",3,0.624000012874603
"504","Posner, Richard A.",7,0.0989999994635582
"505","Prado, Edward",5,0.413500010967255
"506","Pratt, George C.",2,0.181999996304512
"507","Pregerson, Harry",9,-0.386999994516373
"508","Prettyman, Elijah B.",12,-0.370999991893768
"509","Proctor, James M.",12,-0.374000012874603
"510","Prost, Sharon",13,0.693000018596649
"511","Pryor, Doris",7,-0.319999992847443
"512","Pryor, Jill",11,-0.358000010251999
"513","Pryor, William",11,0.497500002384186
"514","Quattlebaum, A. Marvin",4,0.5
"515","Rader, Randall R.",13,0.556999981403351
"516","Raggi, Reena",2,0.693000018596649
"517","Randolph, A. Raymond",12,0.556999981403351
"518","Rao, Naomi",12,0.402999997138977
"519","Rawlinson, Johnnie B.",9,-0.258499979972839
"520","Readler, Chad",6,0.370999991893768
"521","Reavley, Thomas M.",5,-0.163000002503395
"522","Reinhardt, Stephen R.",9,-0.386999994516373
"523","Rendell, Marjorie",3,-0.437999993562698
"524","Restrepo, L. Felipe",3,-0.312999993562698
"525","Reyna, Jimmie",13,-0.358000010251999
"526","Rich, Giles Sutherland",13,0.691999971866608
"527","Richardson, Julius",4,0.5
"528","Riddick, Walter",8,-0.159999996423721
"529","Ridge, Albert",8,-0.314999997615814
"530","Rikelman, Julie",1,-0.631999969482422
"531","Riley, William J.",8,0.34400001168251
"532","Ripple, Kenneth F.",7,0.400999993085861
"533","Rives, Richard",5,-0.234499990940094
"534","Robb, Roger",12,0.551999986171722
"535","Roberts, John",12,0.693000018596649
"536","Robinson, Beth",2,-0.360000014305115
"537","Robinson, Spottswood W., III",12,-0.337000012397766
"538","Rogers, John M.",6,0.462500035762787
"539","Rogers, Judith Ann Wilson",12,-0.437999993562698
"540","Roney, Paul H.",5,0.305999994277954
"541","Roney, Paul H.",11,0.305999994277954
"542","Rosen, James",3,-0.108000002801418
"543","Rosenbaum, Robin",11,-0.193000003695488
"544","Rosenn, Max",3,0.0954999998211861
"545","Ross, Donald Roe",8,0.46900001168251
"546","Rossman, Veronica",10,-0.236000001430511
"547","Roth, Jane R.",3,0.272000014781952
"548","Rovner, Ilana Diamond",7,0.556999981403351
"549","Rubin, Alvin B.",5,-0.186000004410744
"550","Rushing, Allison",4,0.415000021457672
"551","Russell, Donald Stuart",4,0.391000002622604
"552","Russell, Robert L.",5,-0.0295000020414591
"553","Ryan, James L.",6,0.691999971866608
"554","Rymer, Pamela A.",9,0.351999998092651
"555","Sack, Robert",2,-0.300999999046326
"556","Sanborn, John B.",8,0.321000009775162
"557","Sanchez, Gabriel",9,-0.454666674137115
"558","Sarokin, Haddon Lee",3,-0.347499996423721
"559","Scalia, Antonin",12,0.691999971866608
"560","Schall, Alvin A.",13,0.556999981403351
"561","Schnackenberg, Elmer",7,0.31700000166893
"562","Schroeder, Mary Murphy",9,-0.216000005602837
"563","Scirica, Anthony J.",3,0.0729999989271164
"564","Scudder, Michael",7,0.402999997138977
"565","Seitz, Collins J.",3,-0.337000012397766
"566","Selya, Bruce M.",1,0.0839999988675117
"567","Sentelle, David B.",12,0.691999971866608
"568","Seth, Oliver",10,-0.203500002622604
"569","Seymour, Stephanie Kulp",10,-0.142000004649162
"570","Shedd, Dennis W.",4,0.391000002622604
"571","Shepard, Bobby",8,0.693000018596649
"572","Shwartz, Patty",3,-0.44266664981842
"573","Sibley, Samuel",5,NA
"574","Silberman, Laurence H.",12,0.691999971866608
"575","Siler, Eugene E., Jr.",6,0.404000014066696
"576","Silverman, Barry G.",9,-0.437999993562698
"577","Simons, Charles Caspar",6,0.182000011205673
"578","Simpson, John Milton Bryan",5,-0.06700000166893
"579","Skopil, Otto R.",9,-0.504000008106232
"580","Sloviter, Dolores K.",3,-0.504000008106232
"581","Smith, D. Brooks",3,0.203000009059906
"582","Smith, J. Joseph",2,0.280000001192093
"583","Smith, Jerry",5,0.550999999046326
"584","Smith, Lavenski R.",8,0.418999999761581
"585","Smith, Milan Dale",9,0.693000018596649
"586","Smith, N. Randy",9,0.499000012874603
"587","Smith, William F.",3,-0.34400001168251
"588","Sneed, Joseph T.",9,0.551999986171722
"589","Sneeden, Emory",4,0.391000002622604
"590","Sobeloff, Simon",4,0.272000014781952
"591","Soper, Morris A.",4,0.472000002861023
"592","Sotomayor, Sonia",2,-0.300999999046326
"593","Souter, David H.",1,0.444999992847443
"594","Southwick, Leslie",5,0.350999981164932
"595","Sparks, William M.",7,0.484499990940094
"596","Sprecher, Robert A.",7,0.0989999994635582
"597","Sprouse, James M.",4,-0.277999997138977
"598","Srinivasan, Srikanth",12,-0.358000010251999
"599","St. Eve, Amy",7,0.402999997138977
"600","Stahl, David",3,-0.575999975204468
"601","Stahl, Norman H.",1,0.462000012397766
"602","Staley, Austin",3,-0.446000009775162
"603","Stapleton, Walter K.",3,0.272000014781952
"604","Stark, Leonard",12,-0.319999992847443
"605","Starr, Kenneth W.",12,0.691999971866608
"606","Stephens, Albert Lee, Sr.",9,-0.179000005125999
"607","Stephens, Harold M.",12,-0.374000012874603
"608","Stephenson, Roy L.",8,0.32600000500679
"609","Stevens, John Paul",7,0.220333337783813
"610","Stewart, Carl Edmond",5,-0.157499998807907
"611","Stewart, Potter",6,0.445999979972839
"612","Stoll, Kara",13,-0.358000010251999
"613","Stranch, Jane",6,-0.358000010251999
"614","Stras, David",8,0.402999997138977
"615","Straub, Chester",2,-0.300999999046326
"616","Strum, Louie",5,-0.206499993801117
"617","Suhrheinrich, Richard F.",6,0.556999981403351
"618","Sullivan, Richard",2,0.402999997138977
"619","Sung, Jennifer",9,-0.387499988079071
"620","Sutton, Jeffrey",6,0.263999998569489
"621","Swaim, H. Nathan",7,-0.44650000333786
"622","Swan, Thomas W.",2,0.404500007629395
"623","Swygert, Luther",7,-0.5799999833107
"624","Sykes, Diane",7,0.693000018596649
"625","Tacha, Deanell R.",10,0.261000007390976
"626","Tallman, Richard C.",9,-0.351999998092651
"627","Tamm, Edward",12,-0.337000012397766
"628","Tang, Thomas",9,-0.216000005602837
"629","Taranto, Richard",13,-0.358000010251999
"630","Tashima, Atsushi Wallace",9,-0.358999997377396
"631","Tate, Albert, Jr.",5,-0.186000004410744
"632","Tatel, David Stephen",12,-0.402500003576279
"633","Thacker, Stephanie",4,-0.191500008106232
"634","Thapar, Amul",6,0.647499978542328
"635","Thomas, Clarence",12,0.556999981403351
"636","Thomas, Holly",9,-0.454666674137115
"637","Thomas, Seth",8,-0.109500005841255
"638","Thomas, Sidney",9,-0.211999997496605
"639","Thompson, David R.",9,0.351999998092651
"640","Thompson, Ojetta",1,-0.361000001430511
"641","Thornberry, William Homer",5,-0.416000008583069
"642","Timbers, William H.",2,0.0719999969005585
"643","Tinder, John",7,0.303999990224838
"644","Tjoflat, Gerald B.",5,0.505999982357025
"645","Tjoflat, Gerald B.",11,0.505999982357025
"646","Tone, Philip W.",7,0.0989999994635582
"647","Torruella del Valle, Juan R.",1,0.691999971866608
"648","Trask, Ozell M.",9,0.576499998569489
"649","Traxler, William Byrd",4,-0.293000012636185
"650","Trott, Stephen S.",9,0.58950001001358
"651","Tuttle, Elbert P.",5,0.28099998831749
"652","Tymkovich, Timothy",10,0.401000022888184
"653","Van Antwerpen, Franklin",3,0.203000009059906
"654","Van Dusen, Francis",3,-0.575999975204468
"655","Van Graafeiland, Ellsworth A.",2,-0.123999997973442
"656","Van Osterhout, Martin D.",8,0.372000008821487
"657","VanDyke, Lawrence",9,0.402999997138977
"658","Vanaskie, Thomas",3,-0.31700000166893
"659","Vance, Robert S.",5,-0.0199999958276749
"660","Vance, Robert S.",11,-0.0199999958276749
"661","Vinson, Frederic Moore",12,-0.368000000715256
"662","Vogel, Charles J.",8,0.0975000038743019
"663","Wald, Patricia M.",12,-0.504000008106232
"664","Walker, John M., Jr.",2,0.181999996304512
"665","Walker, Justin",12,0.402999997138977
"666","Wallace, J. Clifford",9,0.551999986171722
"667","Wallach, Evan",13,-0.358000010251999
"668","Waller, Curtis",5,-0.286499977111816
"669","Wardlaw, Kim",9,-0.358999997377396
"670","Washington, George T.",12,-0.374000012874603
"671","Waterman, Sterry",2,0.118499994277954
"672","Watford, Paul",9,-0.358999997377396
"673","Webster, William H.",8,0.551999986171722
"674","Weick, Paul",6,0.28099998831749
"675","Weis, Joseph F.",3,0.0954999998211861
"676","Wellford, Harry W.",6,0.282999992370605
"677","Wesley, Richard",2,0.693000018596649
"678","White, Helene",6,0.693000018596649
"679","Whittaker, Charles Evans",8,0.28099998831749
"680","Widener, Hiram Emory, Jr.",4,0.551999986171722
"681","Wiener, Jacques L., Jr.",5,0.556999981403351
"682","Wiggins, Charles E.",9,0.351999998092651
"683","Wilkey, Malcolm R.",12,0.551999986171722
"684","Wilkins, Robert",12,-0.358000010251999
"685","Wilkins, William W.",4,0.391000002622604
"686","Wilkinson, J. Harvie, III",4,0.262499988079071
"687","Willett, Don",5,0.630500018596649
"688","Williams, Ann",7,-0.34799998998642
"689","Williams, Jerre S.",5,-0.163000002503395
"690","Williams, Karen J.",4,0.391000002622604
"691","Williams, Stephen F.",12,0.691999971866608
"692","Wilson, Charles",11,-0.231000006198883
"693","Wilson, Cory",5,0.413500010967255
"694","Winter, Harrison",4,-0.305500000715256
"695","Winter, Ralph K.",2,0.0719999969005585
"696","Wisdom, John",5,0.28099998831749
"697","Wollman, Roger L.",8,0.226999998092651
"698","Wood, Diane P.",7,-0.36599999666214
"699","Wood, Harlington, Jr.",7,0.0989999994635582
"700","Woodbury, Peter",1,-0.368000000715256
"701","Woodrough, Joseph W.",8,-0.305999994277954
"702","Wright, Eugene A.",9,0.551999986171722
"703","Wright, James Skelly",12,-0.472000002861023
"704","Wynn, James",4,-0.202000007033348
"705","de Alba, Ana",9,-0.391333341598511
